Order_ID,Customer_ID,Product_ID,Order_Date,Order_Value,Payment_Method,Order_Status,Discount
1,345,18,2026-08-30,230.0,Credit Card,Completed,0
2,356,19,2026-10-29,788.5,COD,Completed,5
3,285,22,2026-10-10,691.2,COD,Completed,10
4,210,88,2026-10-19,276.25,Credit Card,Completed,15
5,290,4,2026-08-05,703.0,Debit Card,Completed,5
6,448,5,2026-09-27,189.55,UPI,Completed,15
7,413,8,2026-11-02,586.15,Debit Card,Completed,5
8,360,17,2026-08-14,575.7,COD,Completed,5
9,73,74,2026-11-23,716.55,COD,Completed,15
10,326,86,2026-11-29,549.1,Credit Card,Completed,15
11,423,28,2026-10-15,549.0,Credit Card,Completed,10
12,51,81,2026-10-02,514.25,COD,Completed,15
13,452,84,2026-08-26,230.0,Debit Card,Completed,0
14,27,51,2026-11-16,361.25,UPI,Completed,15
15,1,28,2026-10-20,579.5,COD,Completed,5
16,356,17,2026-10-14,606.0,UPI,Completed,0
17,161,48,2026-08-21,342.95,UPI,Completed,5
18,142,83,2026-07-12,249.3,UPI,Completed,10
19,254,50,2026-07-19,629.0,UPI,Completed,0
20,479,41,2026-07-23,550.8,Debit Card,Completed,15
21,391,61,2026-06-22,587.0,Debit Card,Completed,0
22,217,90,2026-09-29,354.35,Debit Card,Completed,5
23,233,79,2026-11-09,391.0,UPI,Completed,0
24,268,67,2026-08-11,273.6,UPI,Completed,10
25,365,74,2026-11-23,758.7,UPI,Completed,10
26,440,73,2026-07-22,359.0,UPI,Completed,0
27,380,66,2026-06-02,140.6,UPI,Completed,5
28,187,50,2026-07-11,534.65,Credit Card,Completed,15
29,128,54,2026-08-24,705.6,UPI,Completed,10
30,376,70,2026-08-16,65.0,Credit Card,Completed,0
31,23,30,2026-10-24,515.95,UPI,Completed,15
32,359,95,2026-09-01,638.4,UPI,Completed,5
33,70,75,2026-07-04,336.6,COD,Completed,15
34,209,16,2026-10-23,460.7,Debit Card,Completed,15
35,136,16,2026-07-04,542.0,Credit Card,Completed,0
36,263,7,2026-11-27,118.0,COD,Completed,0
37,285,96,2026-11-03,669.0,Credit Card,Completed,0
38,7,8,2026-08-09,555.3,UPI,Completed,10
39,464,43,2026-07-17,46.0,Credit Card,Completed,0
40,350,55,2026-07-21,439.2,Debit Card,Completed,10
41,332,38,2026-10-24,273.7,UPI,Completed,15
42,144,50,2026-07-23,597.55,UPI,Completed,5
43,177,73,2026-10-16,341.05,UPI,Completed,5
44,30,61,2026-11-02,557.65,Credit Card,Completed,5
45,127,85,2026-08-03,65.55,COD,Completed,5
46,479,23,2026-07-27,327.6,UPI,Completed,10
47,486,73,2026-10-30,305.15,Debit Card,Completed,15
48,252,5,2026-07-14,211.85,UPI,Completed,5
49,1,43,2026-11-10,41.4,Credit Card,Completed,10
50,192,91,2026-11-21,140.4,Debit Card,Completed,10
51,158,94,2026-11-30,396.0,COD,Completed,0
52,170,96,2026-07-01,635.55,UPI,Completed,5
53,229,2,2026-08-10,247.5,Debit Card,Completed,10
54,369,1,2026-06-27,588.05,COD,Completed,5
55,151,3,2026-08-25,317.0,Debit Card,Completed,0
56,81,7,2026-07-03,100.3,Debit Card,Completed,15
57,153,31,2026-07-14,368.9,Credit Card,Completed,15
58,185,1,2026-10-08,526.15,Credit Card,Completed,15
59,251,85,2026-08-25,58.65,Credit Card,Completed,15
60,454,49,2026-09-05,329.4,COD,Completed,10
61,386,90,2026-11-30,317.05,Credit Card,Completed,15
62,431,50,2026-10-30,534.65,Credit Card,Completed,15
63,498,28,2026-08-03,610.0,COD,Completed,0
64,164,94,2026-07-06,336.6,Debit Card,Completed,15
65,58,54,2026-07-28,784.0,UPI,Completed,0
66,20,23,2026-08-30,309.4,UPI,Completed,15
67,456,43,2026-12-10,41.4,Debit Card,Completed,10
68,173,39,2026-09-04,535.0,Credit Card,Completed,0
69,264,21,2026-07-04,266.9,Credit Card,Completed,15
70,349,4,2026-08-21,629.0,Credit Card,Completed,15
71,301,71,2026-09-07,342.0,Debit Card,Completed,0
72,439,29,2026-11-20,59.4,COD,Completed,10
73,351,14,2026-10-11,593.1,Debit Card,Completed,10
74,336,92,2026-11-19,551.0,UPI,Completed,5
75,339,41,2026-11-23,550.8,Debit Card,Completed,15
76,465,54,2026-09-14,744.8,Debit Card,Completed,5
77,151,13,2026-10-08,853.1,Debit Card,Completed,5
78,216,43,2026-09-14,39.1,UPI,Completed,15
79,242,25,2026-10-20,445.5,COD,Completed,10
80,210,73,2026-10-02,359.0,COD,Completed,0
81,220,62,2026-09-25,806.55,Debit Card,Completed,5
82,457,42,2026-10-15,141.55,Credit Card,Completed,5
83,160,17,2026-07-16,545.4,Credit Card,Completed,10
84,455,88,2026-07-21,292.5,Credit Card,Completed,10
85,486,52,2026-06-10,392.35,UPI,Completed,5
86,305,7,2026-11-18,118.0,UPI,Completed,0
87,155,54,2026-12-04,705.6,Credit Card,Completed,10
88,361,53,2026-09-02,549.1,Credit Card,Completed,15
89,170,31,2026-06-04,434.0,COD,Completed,0
90,487,12,2026-10-13,126.0,Credit Card,Completed,10
91,152,34,2026-10-03,741.0,Debit Card,Completed,0
92,450,94,2026-07-05,376.2,UPI,Completed,5
93,58,53,2026-09-30,581.4,UPI,Completed,10
94,77,72,2026-11-10,134.3,COD,Completed,15
95,39,63,2026-08-31,151.0,Credit Card,Completed,0
96,46,64,2026-10-09,210.0,UPI,Completed,0
97,367,58,2026-07-08,298.0,Debit Card,Completed,0
98,72,92,2026-10-03,551.0,Credit Card,Completed,5
99,413,18,2026-07-23,207.0,Debit Card,Completed,10
100,346,96,2026-10-29,669.0,UPI,Completed,0
101,386,70,2026-06-24,65.0,Credit Card,Completed,0
102,122,66,2026-11-28,125.8,COD,Completed,15
103,7,96,2026-08-19,635.55,Debit Card,Completed,5
104,398,93,2026-07-26,665.0,Credit Card,Completed,0
105,377,66,2026-07-15,133.2,Debit Card,Completed,10
106,83,75,2026-08-20,376.2,UPI,Completed,5
107,476,42,2026-11-20,134.1,COD,Completed,10
108,267,9,2026-10-26,623.05,UPI,Completed,15
109,114,28,2026-11-29,549.0,Credit Card,Completed,10
110,288,84,2026-06-15,195.5,Credit Card,Completed,15
111,469,15,2026-09-17,70.0,Debit Card,Completed,0
112,498,69,2026-10-18,488.3,Credit Card,Completed,5
113,332,10,2026-12-08,731.7,UPI,Completed,10
114,295,30,2026-08-21,515.95,COD,Completed,15
115,9,50,2026-11-21,629.0,UPI,Completed,0
116,184,65,2026-07-08,810.0,Debit Card,Completed,0
117,196,51,2026-11-23,403.75,Credit Card,Completed,5
118,153,87,2026-11-14,41.8,UPI,Completed,5
119,3,74,2026-11-18,843.0,Debit Card,Completed,0
120,384,95,2026-09-14,638.4,Credit Card,Completed,5
121,114,79,2026-08-10,391.0,COD,Completed,0
122,149,86,2026-06-25,549.1,Debit Card,Completed,15
123,66,86,2026-11-25,646.0,Credit Card,Completed,0
124,414,41,2026-09-29,615.6,Credit Card,Completed,5
125,250,71,2026-07-18,342.0,Debit Card,Completed,0
126,457,69,2026-07-24,514.0,UPI,Completed,0
127,417,75,2026-11-15,376.2,UPI,Completed,5
128,113,63,2026-08-11,143.45,UPI,Completed,5
129,193,84,2026-09-08,207.0,COD,Completed,10
130,250,62,2026-11-07,721.65,Credit Card,Completed,15
131,40,66,2026-11-17,140.6,Credit Card,Completed,5
132,246,27,2026-11-13,231.0,Credit Card,Completed,0
133,66,74,2026-11-16,843.0,Credit Card,Completed,0
134,307,73,2026-11-21,359.0,Credit Card,Completed,0
135,311,61,2026-10-16,557.65,Credit Card,Completed,5
136,86,93,2026-12-08,665.0,Credit Card,Completed,0
137,198,17,2026-07-15,515.1,Credit Card,Completed,15
138,48,62,2026-12-06,849.0,COD,Completed,0
139,481,62,2026-09-25,849.0,COD,Completed,0
140,146,77,2026-10-25,108.0,UPI,Completed,0
141,210,47,2026-07-17,331.2,Debit Card,Completed,10
142,290,47,2026-11-17,349.6,COD,Completed,5
143,377,18,2026-11-24,195.5,Credit Card,Completed,15
144,83,50,2026-11-13,597.55,COD,Completed,5
145,46,9,2026-08-10,733.0,COD,Completed,0
146,315,84,2026-11-01,230.0,Credit Card,Completed,0
147,315,22,2026-11-28,768.0,Credit Card,Completed,0
148,301,26,2026-10-14,144.0,Debit Card,Completed,0
149,233,52,2026-11-01,351.05,UPI,Completed,15
150,449,69,2026-11-10,436.9,COD,Completed,15
151,247,15,2026-08-14,66.5,Debit Card,Completed,5
152,128,37,2026-07-05,104.0,Credit Card,Completed,0
153,256,95,2026-07-30,604.8,Credit Card,Completed,10
154,104,32,2026-11-10,463.0,UPI,Completed,0
155,252,24,2026-10-17,126.35,UPI,Completed,5
156,358,67,2026-09-27,304.0,Credit Card,Completed,0
157,298,13,2026-09-01,853.1,Debit Card,Completed,5
158,138,61,2026-11-10,498.95,COD,Completed,15
159,215,90,2026-09-17,335.7,COD,Completed,10
160,91,54,2026-10-23,705.6,COD,Completed,10
161,129,72,2026-10-28,150.1,UPI,Completed,5
162,231,96,2026-09-06,602.1,Debit Card,Completed,10
163,400,37,2026-09-16,88.4,COD,Completed,15
164,41,21,2026-09-07,282.6,Debit Card,Completed,10
165,373,31,2026-11-20,412.3,Credit Card,Completed,5
166,54,34,2026-11-19,666.9,Credit Card,Completed,10
167,270,22,2026-06-20,691.2,COD,Completed,10
168,497,90,2026-11-06,317.05,COD,Completed,15
169,227,40,2026-09-07,267.3,UPI,Completed,10
170,268,18,2026-09-15,230.0,COD,Completed,0
171,408,1,2026-11-02,526.15,COD,Completed,15
172,84,92,2026-11-26,551.0,Debit Card,Completed,5
173,97,9,2026-07-21,623.05,COD,Completed,15
174,359,80,2026-10-05,758.1,UPI,Completed,5
175,96,14,2026-08-27,659.0,Credit Card,Completed,0
176,78,2,2026-10-19,247.5,COD,Completed,10
177,238,90,2026-06-14,373.0,Debit Card,Completed,0
178,37,70,2026-10-08,55.25,UPI,Completed,15
179,499,92,2026-08-18,551.0,UPI,Completed,5
180,130,62,2026-11-23,849.0,Credit Card,Completed,0
181,121,82,2026-09-26,551.7,UPI,Completed,10
182,353,77,2026-07-13,102.6,Credit Card,Completed,5
183,47,88,2026-11-08,325.0,Debit Card,Completed,0
184,360,69,2026-07-06,462.6,Debit Card,Completed,10
185,362,57,2026-11-07,172.9,Credit Card,Completed,5
186,166,94,2026-10-18,376.2,UPI,Completed,5
187,1,82,2026-10-14,613.0,Debit Card,Completed,0
188,314,37,2026-09-02,104.0,UPI,Completed,0
189,55,63,2026-08-08,128.35,COD,Completed,15
190,240,82,2026-06-30,551.7,UPI,Completed,10
191,484,28,2026-10-19,518.5,Credit Card,Completed,15
192,286,96,2026-10-25,602.1,COD,Completed,10
193,259,44,2026-12-06,573.75,Debit Card,Completed,15
194,282,42,2026-09-18,134.1,Credit Card,Completed,10
195,193,71,2026-08-20,290.7,COD,Completed,15
196,456,39,2026-06-10,508.25,Debit Card,Completed,5
197,49,5,2026-10-01,200.7,Debit Card,Completed,10
198,120,33,2026-08-29,742.9,UPI,Completed,5
199,305,83,2026-09-04,235.45,UPI,Completed,15
200,325,81,2026-09-23,605.0,Debit Card,Completed,0
201,168,65,2026-11-28,688.5,COD,Completed,15
202,281,52,2026-08-24,351.05,Credit Card,Completed,15
203,288,79,2026-10-16,351.9,COD,Completed,10
204,351,74,2026-07-07,716.55,Debit Card,Completed,15
205,320,19,2026-09-29,788.5,Debit Card,Completed,5
206,388,94,2026-06-24,376.2,Credit Card,Completed,5
207,231,61,2026-06-24,557.65,Credit Card,Completed,5
208,356,90,2026-12-08,373.0,Debit Card,Completed,0
209,443,14,2026-06-18,626.05,COD,Completed,5
210,21,32,2026-10-30,393.55,Credit Card,Completed,15
211,178,88,2026-09-09,308.75,Debit Card,Completed,5
212,484,72,2026-08-22,134.3,Credit Card,Completed,15
213,214,31,2026-11-04,390.6,COD,Completed,10
214,451,53,2026-09-23,613.7,Credit Card,Completed,5
215,311,73,2026-11-12,341.05,UPI,Completed,5
216,41,89,2026-10-21,729.3,Debit Card,Completed,15
217,99,29,2026-06-10,59.4,COD,Completed,10
218,98,38,2026-10-01,289.8,COD,Completed,10
219,238,83,2026-10-11,277.0,Credit Card,Completed,0
220,368,94,2026-07-17,356.4,UPI,Completed,10
221,290,85,2026-07-14,65.55,UPI,Completed,5
222,158,40,2026-09-29,297.0,Credit Card,Completed,0
223,2,80,2026-08-20,678.3,UPI,Completed,15
224,26,24,2026-07-20,133.0,Credit Card,Completed,0
225,342,74,2026-11-05,843.0,UPI,Completed,0
226,92,21,2026-12-10,298.3,COD,Completed,5
227,150,61,2026-07-14,528.3,COD,Completed,10
228,357,27,2026-11-23,231.0,COD,Completed,0
229,219,78,2026-09-09,782.1,Credit Card,Completed,10
230,405,9,2026-09-05,659.7,UPI,Completed,10
231,352,43,2026-09-15,46.0,Credit Card,Completed,0
232,409,5,2026-11-18,189.55,Debit Card,Completed,15
233,290,93,2026-12-09,665.0,Credit Card,Completed,0
234,293,78,2026-09-12,782.1,Debit Card,Completed,10
235,191,58,2026-08-27,283.1,UPI,Completed,5
236,371,5,2026-10-13,223.0,UPI,Completed,0
237,171,60,2026-06-22,499.0,Debit Card,Completed,0
238,165,26,2026-08-07,129.6,COD,Completed,10
239,140,20,2026-07-12,770.0,Credit Card,Completed,0
240,282,41,2026-08-19,615.6,Credit Card,Completed,5
241,55,50,2026-06-27,597.55,COD,Completed,5
242,499,60,2026-11-08,499.0,COD,Completed,0
243,94,90,2026-11-29,317.05,COD,Completed,15
244,34,61,2026-07-14,557.65,Debit Card,Completed,5
245,419,92,2026-07-01,522.0,COD,Completed,10
246,499,62,2026-09-14,721.65,COD,Completed,15
247,279,89,2026-08-03,729.3,UPI,Completed,15
248,388,19,2026-12-05,747.0,COD,Completed,10
249,434,17,2026-09-02,606.0,UPI,Completed,0
250,57,37,2026-06-27,88.4,Debit Card,Completed,15
251,431,54,2026-07-15,744.8,UPI,Completed,5
252,337,56,2026-07-19,746.3,COD,Completed,15
253,197,46,2026-08-17,875.0,COD,Completed,0
254,365,65,2026-08-26,729.0,UPI,Completed,10
255,291,62,2026-12-17,721.65,UPI,Completed,15
256,216,46,2026-08-17,787.5,Debit Card,Completed,10
257,323,61,2026-10-29,528.3,UPI,Completed,10
258,130,17,2026-11-14,606.0,UPI,Completed,0
259,339,57,2026-11-30,163.8,UPI,Completed,10
260,387,15,2026-06-27,59.5,Debit Card,Completed,15
261,383,69,2026-08-12,436.9,Debit Card,Completed,15
262,272,56,2026-06-19,746.3,Debit Card,Completed,15
263,50,69,2026-11-25,462.6,Debit Card,Completed,10
264,180,29,2026-08-14,66.0,UPI,Completed,0
265,487,77,2026-11-15,108.0,Credit Card,Completed,0
266,459,15,2026-12-06,59.5,UPI,Completed,15
267,132,21,2026-06-21,266.9,COD,Completed,15
268,31,34,2026-08-10,629.85,Credit Card,Completed,15
269,92,83,2026-10-22,235.45,Credit Card,Completed,15
270,468,57,2026-08-09,182.0,Debit Card,Completed,0
271,478,5,2026-11-23,200.7,COD,Completed,10
272,197,89,2026-10-20,772.2,Debit Card,Completed,10
273,188,69,2026-09-11,462.6,Credit Card,Completed,10
274,72,5,2026-08-08,211.85,COD,Completed,5
275,33,70,2026-11-30,55.25,UPI,Completed,15
276,482,87,2026-11-04,41.8,UPI,Completed,5
277,465,80,2026-06-17,798.0,Credit Card,Completed,0
278,33,26,2026-10-01,129.6,UPI,Completed,10
279,33,16,2026-08-24,514.9,Debit Card,Completed,5
280,225,32,2026-10-31,393.55,Credit Card,Completed,15
281,451,63,2026-06-27,151.0,Debit Card,Completed,0
282,356,61,2026-11-30,528.3,COD,Completed,10
283,238,81,2026-11-18,574.75,UPI,Completed,5
284,351,61,2026-10-08,587.0,Debit Card,Completed,0
285,108,56,2026-08-19,878.0,UPI,Completed,0
286,474,69,2026-07-17,436.9,UPI,Completed,15
287,399,15,2026-08-31,59.5,Credit Card,Completed,15
288,28,56,2026-07-28,746.3,Credit Card,Completed,15
289,500,35,2026-07-24,182.0,Debit Card,Completed,0
290,57,60,2026-10-07,474.05,Debit Card,Completed,5
291,303,61,2026-10-11,557.65,Credit Card,Completed,5
292,468,74,2026-06-04,843.0,COD,Completed,0
293,232,64,2026-08-02,178.5,Credit Card,Completed,15
294,9,62,2026-12-04,849.0,COD,Completed,0
295,396,18,2026-12-10,195.5,UPI,Completed,15
296,455,7,2026-07-14,118.0,Debit Card,Completed,0
297,378,75,2026-12-05,356.4,Debit Card,Completed,10
298,258,88,2026-09-20,292.5,Debit Card,Completed,10
299,97,59,2026-06-29,763.2,UPI,Completed,10
300,150,25,2026-06-25,445.5,COD,Completed,10
301,235,39,2026-11-03,508.25,Debit Card,Completed,5
302,317,21,2026-10-22,298.3,Credit Card,Completed,5
303,134,48,2026-07-20,324.9,Debit Card,Completed,10
304,486,59,2026-09-08,763.2,Debit Card,Completed,10
305,72,87,2026-10-21,37.4,Credit Card,Completed,15
306,183,12,2026-08-30,133.0,Debit Card,Completed,5
307,500,66,2026-09-20,148.0,Debit Card,Completed,0
308,76,92,2026-09-30,580.0,Debit Card,Completed,0
309,412,57,2026-08-27,154.7,Credit Card,Completed,15
310,34,76,2026-09-19,439.2,COD,Completed,10
311,103,24,2026-09-22,133.0,Debit Card,Completed,0
312,253,72,2026-09-28,150.1,Debit Card,Completed,5
313,192,66,2026-11-04,140.6,UPI,Completed,5
314,164,60,2026-12-01,499.0,Debit Card,Completed,0
315,215,82,2026-09-10,613.0,Credit Card,Completed,0
316,351,90,2026-12-12,335.7,Credit Card,Completed,10
317,71,67,2026-08-28,258.4,Debit Card,Completed,15
318,214,59,2026-06-25,848.0,COD,Completed,0
319,160,89,2026-09-16,772.2,Credit Card,Completed,10
320,15,96,2026-07-06,635.55,Debit Card,Completed,5
321,241,16,2026-08-14,542.0,UPI,Completed,0
322,95,86,2026-09-03,581.4,Debit Card,Completed,10
323,83,65,2026-11-23,810.0,UPI,Completed,0
324,188,90,2026-11-02,354.35,Debit Card,Completed,5
325,218,28,2026-10-14,549.0,UPI,Completed,10
326,168,64,2026-07-15,189.0,COD,Completed,10
327,62,19,2026-09-29,830.0,Credit Card,Completed,0
328,187,26,2026-09-08,144.0,Credit Card,Completed,0
329,388,83,2026-10-01,235.45,COD,Completed,15
330,76,59,2026-07-14,720.8,Credit Card,Completed,15
331,348,4,2026-07-27,703.0,Debit Card,Completed,5
332,406,60,2026-08-07,424.15,Debit Card,Completed,15
333,415,70,2026-10-20,55.25,UPI,Completed,15
334,393,37,2026-09-10,104.0,Credit Card,Completed,0
335,179,95,2026-11-08,571.2,UPI,Completed,15
336,177,46,2026-09-22,831.25,Credit Card,Completed,5
337,304,11,2026-12-04,552.0,Debit Card,Completed,0
338,11,69,2026-09-06,436.9,Debit Card,Completed,15
339,357,61,2026-11-09,498.95,COD,Completed,15
340,294,13,2026-10-11,808.2,COD,Completed,10
341,86,79,2026-08-30,371.45,COD,Completed,5
342,431,69,2026-07-27,462.6,COD,Completed,10
343,304,44,2026-08-26,573.75,COD,Completed,15
344,222,85,2026-10-31,58.65,Debit Card,Completed,15
345,479,73,2026-11-15,323.1,COD,Completed,10
346,137,37,2026-12-03,98.8,COD,Completed,5
347,59,20,2026-07-30,654.5,COD,Completed,15
348,217,83,2026-06-19,263.15,UPI,Completed,5
349,204,93,2026-07-25,665.0,Debit Card,Completed,0
350,479,55,2026-08-01,463.6,Debit Card,Completed,5
351,210,33,2026-11-16,703.8,UPI,Completed,10
352,354,86,2026-08-14,581.4,Debit Card,Completed,10
353,274,31,2026-10-05,390.6,Debit Card,Completed,10
354,480,31,2026-08-22,368.9,Debit Card,Completed,15
355,323,57,2026-11-25,172.9,Debit Card,Completed,5
356,295,11,2026-07-16,524.4,COD,Completed,5
357,232,62,2026-07-24,764.1,Debit Card,Completed,10
358,44,54,2026-09-16,744.8,UPI,Completed,5
359,465,12,2026-10-03,140.0,COD,Completed,0
360,308,34,2026-07-21,703.95,UPI,Completed,5
361,424,87,2026-10-12,41.8,Debit Card,Completed,5
362,383,64,2026-09-13,199.5,Debit Card,Completed,5
363,38,13,2026-11-01,853.1,COD,Completed,5
364,203,86,2026-09-21,646.0,Credit Card,Completed,0
365,73,34,2026-07-05,629.85,Debit Card,Completed,15
366,314,34,2026-10-17,666.9,COD,Completed,10
367,97,20,2026-06-16,654.5,Debit Card,Completed,15
368,362,60,2026-10-06,499.0,COD,Completed,0
369,434,93,2026-07-11,631.75,Debit Card,Completed,5
370,455,43,2026-06-11,39.1,Debit Card,Completed,15
371,429,42,2026-07-25,126.65,COD,Completed,15
372,305,85,2026-06-04,58.65,Debit Card,Completed,15
373,109,7,2026-11-14,118.0,COD,Completed,0
374,205,33,2026-07-29,782.0,UPI,Completed,0
375,84,50,2026-09-17,629.0,Debit Card,Completed,0
376,323,55,2026-07-05,414.8,Credit Card,Completed,15
377,149,60,2026-10-06,449.1,Credit Card,Completed,10
378,292,7,2026-10-22,118.0,COD,Completed,0
379,182,33,2026-11-14,782.0,UPI,Completed,0
380,92,24,2026-09-23,119.7,Debit Card,Completed,10
381,175,24,2026-08-14,119.7,UPI,Completed,10
382,274,3,2026-06-03,301.15,COD,Completed,5
383,156,80,2026-11-18,718.2,UPI,Completed,10
384,70,2,2026-07-20,261.25,UPI,Completed,5
385,432,81,2026-10-26,514.25,Credit Card,Completed,15
386,217,3,2026-07-05,269.45,COD,Completed,15
387,11,58,2026-11-07,253.3,UPI,Completed,15
388,296,41,2026-11-03,550.8,UPI,Completed,15
389,407,54,2026-10-12,784.0,UPI,Completed,0
390,221,15,2026-11-24,66.5,COD,Completed,5
391,497,54,2026-06-18,705.6,Debit Card,Completed,10
392,185,81,2026-12-05,514.25,Credit Card,Completed,15
393,488,67,2026-11-23,258.4,Credit Card,Completed,15
394,368,67,2026-06-29,258.4,Credit Card,Completed,15
395,358,45,2026-11-21,441.0,UPI,Completed,10
396,267,70,2026-08-29,58.5,Debit Card,Completed,10
397,375,8,2026-09-21,555.3,UPI,Completed,10
398,168,67,2026-11-09,258.4,UPI,Completed,15
399,365,55,2026-09-16,414.8,Credit Card,Completed,15
400,110,58,2026-07-07,253.3,COD,Completed,15
401,309,53,2026-07-18,581.4,UPI,Completed,10
402,402,76,2026-09-26,439.2,Credit Card,Completed,10
403,420,95,2026-10-22,604.8,UPI,Completed,10
404,214,62,2026-11-09,764.1,COD,Completed,10
405,428,93,2026-11-08,565.25,COD,Completed,15
406,77,94,2026-09-12,336.6,COD,Completed,15
407,377,36,2026-11-19,314.0,Debit Card,Completed,0
408,330,72,2026-07-12,158.0,Credit Card,Completed,0
409,175,56,2026-08-03,790.2,COD,Completed,10
410,158,53,2026-12-11,581.4,Credit Card,Completed,10
411,366,8,2026-08-27,586.15,COD,Completed,5
412,133,49,2026-07-09,347.7,COD,Completed,5
413,487,15,2026-08-23,59.5,UPI,Completed,15
414,15,53,2026-11-11,581.4,UPI,Completed,10
415,291,53,2026-10-10,613.7,Credit Card,Completed,5
416,493,72,2026-10-09,142.2,Credit Card,Completed,10
417,46,51,2026-12-01,382.5,COD,Completed,10
418,326,34,2026-10-05,666.9,Credit Card,Completed,10
419,492,77,2026-08-29,108.0,COD,Completed,0
420,462,2,2026-12-08,233.75,COD,Completed,15
421,404,84,2026-11-15,195.5,UPI,Completed,15
422,498,49,2026-11-07,366.0,UPI,Completed,0
423,190,25,2026-09-23,445.5,Debit Card,Completed,10
424,47,79,2026-11-16,371.45,COD,Completed,5
425,4,26,2026-11-20,122.4,Credit Card,Completed,15
426,349,72,2026-10-09,158.0,Debit Card,Completed,0
427,433,53,2026-08-27,549.1,COD,Completed,15
428,265,6,2026-08-11,214.2,Debit Card,Completed,15
429,201,25,2026-09-13,495.0,Credit Card,Completed,0
430,491,10,2026-08-14,731.7,UPI,Completed,10
431,431,33,2026-08-11,703.8,UPI,Completed,10
432,44,8,2026-06-12,586.15,UPI,Completed,5
433,436,49,2026-09-25,347.7,UPI,Completed,5
434,265,43,2026-11-02,46.0,UPI,Completed,0
435,241,40,2026-11-14,297.0,Credit Card,Completed,0
436,403,9,2026-09-12,623.05,Debit Card,Completed,15
437,316,39,2026-09-20,454.75,UPI,Completed,15
438,113,1,2026-11-19,526.15,Credit Card,Completed,15
439,186,2,2026-07-07,275.0,Credit Card,Completed,0
440,23,4,2026-07-27,703.0,Debit Card,Completed,5
441,174,71,2026-08-03,324.9,Debit Card,Completed,5
442,11,87,2026-07-10,39.6,Credit Card,Completed,10
443,273,49,2026-12-15,311.1,Credit Card,Completed,15
444,391,79,2026-11-16,351.9,Credit Card,Completed,10
445,256,67,2026-10-09,258.4,COD,Completed,15
446,293,21,2026-09-07,298.3,UPI,Completed,5
447,228,67,2026-09-01,258.4,Debit Card,Completed,15
448,231,60,2026-10-05,449.1,Debit Card,Completed,10
449,13,23,2026-09-25,327.6,UPI,Completed,10
450,403,36,2026-08-01,282.6,UPI,Completed,10
451,171,26,2026-11-30,129.6,Credit Card,Completed,10
452,444,51,2026-08-05,361.25,Credit Card,Completed,15
453,391,89,2026-11-04,858.0,UPI,Completed,0
454,196,27,2026-09-22,219.45,COD,Completed,5
455,102,9,2026-09-15,659.7,UPI,Completed,10
456,30,48,2026-10-22,306.85,COD,Completed,15
457,57,17,2026-10-19,515.1,Credit Card,Completed,15
458,4,19,2026-10-06,788.5,Debit Card,Completed,5
459,236,60,2026-10-29,449.1,COD,Completed,10
460,359,92,2026-08-22,493.0,Credit Card,Completed,15
461,358,73,2026-06-27,341.05,Credit Card,Completed,5
462,452,81,2026-10-19,574.75,COD,Completed,5
463,210,58,2026-07-30,298.0,COD,Completed,0
464,20,2,2026-08-09,247.5,COD,Completed,10
465,79,57,2026-09-02,172.9,COD,Completed,5
466,466,31,2026-08-05,434.0,UPI,Completed,0
467,491,13,2026-11-24,898.0,COD,Completed,0
468,320,27,2026-10-31,231.0,Credit Card,Completed,0
469,55,46,2026-09-04,787.5,UPI,Completed,10
470,109,59,2026-08-05,763.2,UPI,Completed,10
471,454,28,2026-10-04,518.5,UPI,Completed,15
472,129,13,2026-11-14,853.1,Debit Card,Completed,5
473,379,43,2026-07-07,39.1,Debit Card,Completed,15
474,118,94,2026-08-31,396.0,Credit Card,Completed,0
475,312,49,2026-10-27,366.0,UPI,Completed,0
476,481,27,2026-07-22,219.45,Credit Card,Completed,5
477,219,93,2026-10-05,631.75,COD,Completed,5
478,311,32,2026-09-01,439.85,Debit Card,Completed,5
479,41,47,2026-09-26,312.8,COD,Completed,15
480,390,20,2026-10-15,654.5,UPI,Completed,15
481,132,49,2026-10-07,311.1,COD,Completed,15
482,171,18,2026-10-06,230.0,UPI,Completed,0
483,210,5,2026-07-21,211.85,Credit Card,Completed,5
484,475,55,2026-08-05,439.2,UPI,Completed,10
485,266,25,2026-10-01,445.5,Debit Card,Completed,10
486,269,54,2026-11-29,744.8,Credit Card,Completed,5
487,96,91,2026-07-11,156.0,COD,Completed,0
488,445,82,2026-07-16,521.05,UPI,Completed,15
489,249,87,2026-07-05,44.0,UPI,Completed,0
490,109,67,2026-06-19,273.6,COD,Completed,10
491,448,43,2026-07-09,43.7,UPI,Completed,5
492,264,53,2026-11-28,646.0,Debit Card,Completed,0
493,66,64,2026-07-11,178.5,Credit Card,Completed,15
494,55,56,2026-06-19,746.3,Debit Card,Completed,15
495,414,30,2026-08-07,607.0,UPI,Completed,0
496,296,95,2026-06-20,638.4,COD,Completed,5
497,76,77,2026-08-14,97.2,Debit Card,Completed,10
498,388,51,2026-09-19,382.5,Credit Card,Completed,10
499,460,19,2026-07-31,830.0,Debit Card,Completed,0
500,348,22,2026-07-01,729.6,UPI,Completed,5
501,322,93,2026-09-16,631.75,COD,Completed,5
502,443,84,2026-09-21,207.0,UPI,Completed,10
503,293,17,2026-07-14,575.7,COD,Completed,5
504,442,77,2026-12-13,91.8,Debit Card,Completed,15
505,21,17,2026-11-01,606.0,Debit Card,Completed,0
506,44,16,2026-10-26,514.9,COD,Completed,5
507,338,69,2026-10-08,462.6,Debit Card,Completed,10
508,19,25,2026-07-14,470.25,Credit Card,Completed,5
509,325,90,2026-11-25,354.35,COD,Completed,5
510,162,56,2026-09-26,834.1,UPI,Completed,5
511,34,43,2026-11-22,41.4,Credit Card,Completed,10
512,141,2,2026-07-04,233.75,UPI,Completed,15
513,283,35,2026-11-05,172.9,Debit Card,Completed,5
514,245,76,2026-07-20,463.6,Credit Card,Completed,5
515,194,73,2026-08-20,341.05,COD,Completed,5
516,374,31,2026-06-26,434.0,Debit Card,Completed,0
517,208,2,2026-11-06,233.75,Debit Card,Completed,15
518,426,70,2026-07-17,58.5,Debit Card,Completed,10
519,182,14,2026-06-08,560.15,Debit Card,Completed,15
520,52,56,2026-10-21,834.1,COD,Completed,5
521,468,63,2026-06-11,143.45,COD,Completed,5
522,184,91,2026-07-31,156.0,Credit Card,Completed,0
523,80,45,2026-10-15,490.0,Debit Card,Completed,0
524,317,20,2026-10-18,770.0,Debit Card,Completed,0
525,62,17,2026-09-18,575.7,COD,Completed,5
526,330,7,2026-08-29,106.2,Debit Card,Completed,10
527,127,41,2026-06-14,648.0,Debit Card,Completed,0
528,172,39,2026-06-30,508.25,Debit Card,Completed,5
529,122,84,2026-08-23,230.0,UPI,Completed,0
530,323,96,2026-11-21,635.55,Credit Card,Completed,5
531,274,93,2026-07-17,565.25,Debit Card,Completed,15
532,149,6,2026-10-30,214.2,COD,Completed,15
533,85,57,2026-10-22,154.7,Debit Card,Completed,15
534,113,94,2026-08-12,396.0,COD,Completed,0
535,419,57,2026-08-03,154.7,Credit Card,Completed,15
536,119,94,2026-10-06,396.0,COD,Completed,0
537,236,24,2026-08-01,126.35,Debit Card,Completed,5
538,466,83,2026-09-29,263.15,UPI,Completed,5
539,194,50,2026-06-07,629.0,Credit Card,Completed,0
540,395,11,2026-08-28,552.0,UPI,Completed,0
541,418,21,2026-08-23,298.3,UPI,Completed,5
542,322,70,2026-07-04,65.0,Debit Card,Completed,0
543,262,54,2026-07-15,784.0,Credit Card,Completed,0
544,252,22,2026-07-09,691.2,UPI,Completed,10
545,92,55,2026-10-20,414.8,Credit Card,Completed,15
546,470,64,2026-11-26,210.0,UPI,Completed,0
547,399,84,2026-07-21,195.5,COD,Completed,15
548,393,50,2026-09-13,534.65,COD,Completed,15
549,71,84,2026-08-20,195.5,COD,Completed,15
550,360,12,2026-08-07,140.0,Debit Card,Completed,0
551,491,18,2026-07-11,207.0,Credit Card,Completed,10
552,125,27,2026-08-02,231.0,Credit Card,Completed,0
553,245,77,2026-07-23,102.6,UPI,Completed,5
554,147,15,2026-07-12,66.5,Credit Card,Completed,5
555,499,12,2026-10-17,133.0,COD,Completed,5
556,424,49,2026-07-25,311.1,Credit Card,Completed,15
557,56,14,2026-07-01,659.0,Credit Card,Completed,0
558,84,70,2026-07-18,65.0,Debit Card,Completed,0
559,24,7,2026-08-30,118.0,Debit Card,Completed,0
560,491,51,2026-10-20,382.5,Credit Card,Completed,10
561,170,53,2026-10-12,646.0,COD,Completed,0
562,301,5,2026-08-29,223.0,UPI,Completed,0
563,230,17,2026-09-15,515.1,UPI,Completed,15
564,291,81,2026-10-07,574.75,Debit Card,Completed,5
565,256,13,2026-10-05,853.1,UPI,Completed,5
566,296,47,2026-09-05,312.8,Debit Card,Completed,15
567,498,73,2026-10-13,305.15,COD,Completed,15
568,192,11,2026-12-07,496.8,UPI,Completed,10
569,80,14,2026-09-02,560.15,UPI,Completed,15
570,199,60,2026-12-04,424.15,COD,Completed,15
571,394,56,2026-07-25,790.2,Debit Card,Completed,10
572,109,90,2026-10-15,373.0,Credit Card,Completed,0
573,75,82,2026-07-27,521.05,UPI,Completed,15
574,405,56,2026-10-07,878.0,COD,Completed,0
575,130,82,2026-07-19,551.7,COD,Completed,10
576,182,89,2026-10-26,815.1,UPI,Completed,5
577,166,86,2026-09-05,613.7,COD,Completed,5
578,59,87,2026-09-14,37.4,Credit Card,Completed,15
579,328,75,2026-07-02,336.6,Credit Card,Completed,15
580,190,47,2026-06-15,368.0,COD,Completed,0
581,212,53,2026-09-17,549.1,Debit Card,Completed,15
582,342,38,2026-10-01,273.7,UPI,Completed,15
583,439,61,2026-07-17,498.95,COD,Completed,15
584,451,85,2026-08-21,65.55,UPI,Completed,5
585,17,2,2026-06-19,247.5,Debit Card,Completed,10
586,492,74,2026-10-02,800.85,COD,Completed,5
587,411,74,2026-10-01,800.85,COD,Completed,5
588,265,21,2026-09-25,314.0,COD,Completed,0
589,123,84,2026-08-14,218.5,COD,Completed,5
590,338,7,2026-08-15,118.0,UPI,Completed,0
591,236,77,2026-07-12,97.2,Credit Card,Completed,10
592,38,63,2026-11-22,128.35,Debit Card,Completed,15
593,414,21,2026-07-23,314.0,UPI,Completed,0
594,311,4,2026-11-02,703.0,Credit Card,Completed,5
595,59,28,2026-06-16,610.0,Credit Card,Completed,0
596,363,71,2026-11-30,290.7,COD,Completed,15
597,311,50,2026-09-30,566.1,UPI,Completed,10
598,86,5,2026-10-23,200.7,Debit Card,Completed,10
599,405,24,2026-09-07,119.7,Debit Card,Completed,10
600,400,41,2026-07-03,583.2,Credit Card,Completed,10
601,163,41,2026-08-06,550.8,UPI,Completed,15
602,146,17,2026-09-30,606.0,Debit Card,Completed,0
603,371,39,2026-08-22,454.75,UPI,Completed,15
604,253,79,2026-06-28,332.35,UPI,Completed,15
605,481,80,2026-06-29,798.0,Credit Card,Completed,0
606,166,89,2026-09-23,815.1,Debit Card,Completed,5
607,479,89,2026-06-16,858.0,UPI,Completed,0
608,327,58,2026-12-06,283.1,COD,Completed,5
609,109,2,2026-12-02,261.25,COD,Completed,5
610,488,74,2026-11-28,843.0,UPI,Completed,0
611,9,59,2026-08-03,720.8,Debit Card,Completed,15
612,61,71,2026-06-29,324.9,COD,Completed,5
613,51,7,2026-11-28,112.1,Debit Card,Completed,5
614,207,23,2026-11-20,309.4,COD,Completed,15
615,349,7,2026-11-17,112.1,UPI,Completed,5
616,459,5,2026-10-29,223.0,Debit Card,Completed,0
617,379,40,2026-12-05,297.0,Credit Card,Completed,0
618,220,43,2026-06-15,46.0,Credit Card,Completed,0
619,448,32,2026-09-30,416.7,Credit Card,Completed,10
620,387,19,2026-07-06,705.5,COD,Completed,15
621,235,2,2026-09-10,233.75,UPI,Completed,15
622,352,67,2026-11-25,288.8,Credit Card,Completed,5
623,185,27,2026-07-06,231.0,Debit Card,Completed,0
624,491,68,2026-07-27,446.4,COD,Completed,10
625,484,36,2026-09-07,282.6,UPI,Completed,10
626,320,72,2026-12-04,142.2,UPI,Completed,10
627,8,59,2026-06-30,848.0,UPI,Completed,0
628,157,1,2026-09-20,619.0,Debit Card,Completed,0
629,489,12,2026-08-16,119.0,UPI,Completed,15
630,416,87,2026-11-24,44.0,Debit Card,Completed,0
631,387,51,2026-07-04,361.25,COD,Completed,15
632,354,43,2026-07-05,46.0,Credit Card,Completed,0
633,288,95,2026-10-10,604.8,Debit Card,Completed,10
634,267,13,2026-08-19,898.0,COD,Completed,0
635,29,16,2026-08-22,514.9,Debit Card,Completed,5
636,440,85,2026-11-10,69.0,Credit Card,Completed,0
637,420,96,2026-12-03,635.55,COD,Completed,5
638,149,38,2026-12-07,273.7,Debit Card,Completed,15
639,214,55,2026-07-23,488.0,COD,Completed,0
640,142,2,2026-07-28,261.25,Debit Card,Completed,5
641,336,93,2026-10-28,598.5,Debit Card,Completed,10
642,35,83,2026-10-18,263.15,Debit Card,Completed,5
643,300,80,2026-09-13,758.1,Credit Card,Completed,5
644,166,30,2026-08-06,515.95,COD,Completed,15
645,32,79,2026-08-07,332.35,Debit Card,Completed,15
646,473,23,2026-09-06,309.4,Credit Card,Completed,15
647,225,55,2026-11-11,488.0,Credit Card,Completed,0
648,52,16,2026-10-26,487.8,UPI,Completed,10
649,421,38,2026-08-16,322.0,Credit Card,Completed,0
650,39,69,2026-11-12,462.6,COD,Completed,10
651,335,4,2026-06-18,703.0,Debit Card,Completed,5
652,474,85,2026-06-19,69.0,Debit Card,Completed,0
653,371,6,2026-07-14,239.4,Debit Card,Completed,5
654,245,39,2026-07-31,535.0,Credit Card,Completed,0
655,199,49,2026-12-10,347.7,UPI,Completed,5
656,61,79,2026-09-14,332.35,UPI,Completed,15
657,119,12,2026-11-12,140.0,UPI,Completed,0
658,417,8,2026-07-05,586.15,Debit Card,Completed,5
659,150,17,2026-11-07,606.0,UPI,Completed,0
660,157,95,2026-11-01,638.4,UPI,Completed,5
661,11,64,2026-06-28,178.5,Debit Card,Completed,15
662,31,36,2026-11-05,266.9,COD,Completed,15
663,23,29,2026-08-06,66.0,Debit Card,Completed,0
664,473,34,2026-10-31,666.9,COD,Completed,10
665,488,93,2026-12-09,565.25,COD,Completed,15
666,44,32,2026-11-05,393.55,UPI,Completed,15
667,186,35,2026-12-06,182.0,UPI,Completed,0
668,460,79,2026-10-23,332.35,Credit Card,Completed,15
669,117,81,2026-08-04,605.0,Credit Card,Completed,0
670,262,10,2026-08-19,731.7,COD,Completed,10
671,329,55,2026-08-23,439.2,Debit Card,Completed,10
672,319,4,2026-07-22,703.0,UPI,Completed,5
673,337,93,2026-07-12,665.0,Credit Card,Completed,0
674,467,32,2026-09-05,439.85,COD,Completed,5
675,384,15,2026-12-09,63.0,UPI,Completed,10
676,292,17,2026-10-30,575.7,Debit Card,Completed,5
677,175,41,2026-07-15,615.6,COD,Completed,5
678,461,24,2026-09-29,113.05,Debit Card,Completed,15
679,149,62,2026-12-03,849.0,Credit Card,Completed,0
680,195,42,2026-10-10,134.1,UPI,Completed,10
681,153,64,2026-09-13,178.5,Debit Card,Completed,15
682,295,79,2026-08-30,371.45,UPI,Completed,5
683,141,63,2026-09-27,135.9,Debit Card,Completed,10
684,474,30,2026-11-22,576.65,Credit Card,Completed,5
685,4,63,2026-06-17,128.35,COD,Completed,15
686,228,56,2026-10-10,790.2,UPI,Completed,10
687,81,65,2026-09-11,810.0,Debit Card,Completed,0
688,486,82,2026-11-13,521.05,Credit Card,Completed,15
689,376,64,2026-08-15,199.5,UPI,Completed,5
690,20,54,2026-12-07,744.8,Debit Card,Completed,5
691,113,15,2026-08-28,63.0,Credit Card,Completed,10
692,431,63,2026-11-09,151.0,Debit Card,Completed,0
693,260,28,2026-09-24,549.0,Debit Card,Completed,10
694,201,57,2026-09-19,163.8,COD,Completed,10
695,174,82,2026-06-26,582.35,Credit Card,Completed,5
696,67,78,2026-10-18,738.65,UPI,Completed,15
697,468,46,2026-10-22,831.25,Debit Card,Completed,5
698,149,21,2026-09-11,298.3,UPI,Completed,5
699,433,3,2026-10-26,269.45,UPI,Completed,15
700,145,39,2026-06-15,535.0,Debit Card,Completed,0
701,417,49,2026-11-24,366.0,UPI,Completed,0
702,263,96,2026-06-21,635.55,UPI,Completed,5
703,204,30,2026-10-12,607.0,Debit Card,Completed,0
704,74,81,2026-06-28,574.75,COD,Completed,5
705,393,64,2026-08-15,199.5,UPI,Completed,5
706,353,73,2026-11-02,323.1,Credit Card,Completed,10
707,20,55,2026-10-22,414.8,Credit Card,Completed,15
708,205,2,2026-08-25,247.5,Debit Card,Completed,10
709,289,84,2026-07-30,218.5,Debit Card,Completed,5
710,85,68,2026-10-14,471.2,Credit Card,Completed,5
711,322,2,2026-08-03,247.5,Debit Card,Completed,10
712,40,76,2026-07-17,439.2,Credit Card,Completed,10
713,47,79,2026-07-24,391.0,Debit Card,Completed,0
714,218,86,2026-10-16,646.0,Credit Card,Completed,0
715,301,40,2026-09-05,267.3,UPI,Completed,10
716,23,90,2026-11-30,373.0,COD,Completed,0
717,43,54,2026-07-03,705.6,UPI,Completed,10
718,214,86,2026-11-26,613.7,Debit Card,Completed,5
719,89,57,2026-06-19,154.7,Credit Card,Completed,15
720,160,36,2026-11-02,266.9,UPI,Completed,15
721,46,15,2026-06-27,66.5,Debit Card,Completed,5
722,393,22,2026-06-15,652.8,UPI,Completed,15
723,383,95,2026-07-17,604.8,Credit Card,Completed,10
724,72,73,2026-08-27,323.1,Credit Card,Completed,10
725,251,46,2026-11-13,743.75,Credit Card,Completed,15
726,487,75,2026-09-26,376.2,COD,Completed,5
727,331,88,2026-08-30,292.5,UPI,Completed,10
728,133,28,2026-10-02,579.5,COD,Completed,5
729,240,76,2026-09-04,488.0,Debit Card,Completed,0
730,323,46,2026-06-19,787.5,Debit Card,Completed,10
731,96,46,2026-09-05,831.25,UPI,Completed,5
732,371,48,2026-11-14,324.9,UPI,Completed,10
733,488,73,2026-07-17,359.0,UPI,Completed,0
734,236,1,2026-11-22,557.1,Debit Card,Completed,10
735,3,62,2026-07-27,721.65,Credit Card,Completed,15
736,306,51,2026-10-31,425.0,Credit Card,Completed,0
737,394,31,2026-09-20,434.0,COD,Completed,0
738,109,39,2026-10-03,508.25,COD,Completed,5
739,18,34,2026-09-29,741.0,COD,Completed,0
740,412,2,2026-07-31,233.75,COD,Completed,15
741,249,84,2026-11-21,207.0,COD,Completed,10
742,446,87,2026-07-02,39.6,Credit Card,Completed,10
743,223,7,2026-10-01,100.3,COD,Completed,15
744,26,77,2026-12-07,97.2,Debit Card,Completed,10
745,278,35,2026-07-30,182.0,COD,Completed,0
746,90,11,2026-10-20,469.2,COD,Completed,15
747,21,10,2026-08-28,813.0,COD,Completed,0
748,142,65,2026-12-02,769.5,Debit Card,Completed,5
749,3,53,2026-08-07,613.7,Debit Card,Completed,5
750,237,77,2026-11-18,102.6,UPI,Completed,5
751,114,9,2026-11-24,623.05,COD,Completed,15
752,176,44,2026-09-05,641.25,COD,Completed,5
753,108,69,2026-12-09,462.6,COD,Completed,10
754,43,27,2026-10-24,207.9,COD,Completed,10
755,193,69,2026-07-08,514.0,COD,Completed,0
756,109,15,2026-10-31,59.5,COD,Completed,15
757,164,47,2026-11-20,312.8,Credit Card,Completed,15
758,81,23,2026-09-29,327.6,COD,Completed,10
759,499,54,2026-09-15,744.8,Credit Card,Completed,5
760,351,12,2026-09-23,119.0,Credit Card,Completed,15
761,235,48,2026-08-08,324.9,Credit Card,Completed,10
762,126,60,2026-06-20,424.15,COD,Completed,15
763,225,62,2026-06-29,849.0,Debit Card,Completed,0
764,404,16,2026-07-06,542.0,Credit Card,Completed,0
765,212,85,2026-09-03,58.65,Credit Card,Completed,15
766,359,34,2026-10-26,703.95,Credit Card,Completed,5
767,381,89,2026-07-13,729.3,Debit Card,Completed,15
768,15,28,2026-11-16,610.0,Debit Card,Completed,0
769,370,66,2026-10-31,140.6,Debit Card,Completed,5
770,444,63,2026-11-30,128.35,Credit Card,Completed,15
771,176,29,2026-08-24,59.4,UPI,Completed,10
772,187,86,2026-06-13,581.4,UPI,Completed,10
773,229,73,2026-10-21,341.05,Credit Card,Completed,5
774,354,92,2026-10-15,522.0,Debit Card,Completed,10
775,268,39,2026-06-24,454.75,COD,Completed,15
776,369,57,2026-12-02,154.7,UPI,Completed,15
777,387,53,2026-11-07,581.4,COD,Completed,10
778,488,83,2026-09-03,263.15,Debit Card,Completed,5
779,348,72,2026-10-22,158.0,Credit Card,Completed,0
780,100,14,2026-08-16,593.1,Debit Card,Completed,10
781,293,87,2026-07-17,37.4,Credit Card,Completed,15
782,313,85,2026-07-28,58.65,COD,Completed,15
783,190,19,2026-08-30,747.0,COD,Completed,10
784,420,91,2026-07-31,140.4,Debit Card,Completed,10
785,165,55,2026-09-24,463.6,Credit Card,Completed,5
786,439,36,2026-07-04,282.6,COD,Completed,10
787,488,6,2026-12-02,239.4,Debit Card,Completed,5
788,242,18,2026-07-03,218.5,Credit Card,Completed,5
789,294,26,2026-10-30,129.6,Debit Card,Completed,10
790,464,58,2026-08-09,283.1,COD,Completed,5
791,131,78,2026-06-20,738.65,COD,Completed,15
792,409,7,2026-10-31,106.2,UPI,Completed,10
793,334,43,2026-07-08,41.4,COD,Completed,10
794,320,50,2026-06-16,534.65,Credit Card,Completed,15
795,458,92,2026-10-31,551.0,Debit Card,Completed,5
796,400,17,2026-10-20,545.4,Debit Card,Completed,10
797,337,27,2026-08-05,207.9,Credit Card,Completed,10
798,396,46,2026-06-22,875.0,COD,Completed,0
799,228,96,2026-08-08,568.65,COD,Completed,15
800,384,41,2026-09-18,583.2,COD,Completed,10
801,261,15,2026-10-08,59.5,COD,Completed,15
802,485,84,2026-08-19,195.5,COD,Completed,15
803,187,15,2026-07-19,63.0,COD,Completed,10
804,466,34,2026-11-08,666.9,UPI,Completed,10
805,81,13,2026-06-12,898.0,COD,Completed,0
806,69,78,2026-11-27,738.65,Debit Card,Completed,15
807,166,85,2026-11-06,69.0,COD,Completed,0
808,384,74,2026-08-07,800.85,Credit Card,Completed,5
809,455,79,2026-07-06,371.45,Debit Card,Completed,5
810,83,51,2026-09-07,361.25,Debit Card,Completed,15
811,173,24,2026-08-21,113.05,UPI,Completed,15
812,391,67,2026-08-19,258.4,UPI,Completed,15
813,282,92,2026-08-27,522.0,COD,Completed,10
814,284,11,2026-10-25,524.4,Credit Card,Completed,5
815,440,26,2026-08-24,129.6,COD,Completed,10
816,458,61,2026-10-08,587.0,UPI,Completed,0
817,363,72,2026-12-09,158.0,UPI,Completed,0
818,201,21,2026-12-02,298.3,Credit Card,Completed,5
819,37,29,2026-08-23,66.0,Credit Card,Completed,0
820,228,19,2026-12-01,830.0,UPI,Completed,0
821,216,8,2026-11-20,555.3,Debit Card,Completed,10
822,7,13,2026-10-19,853.1,COD,Completed,5
823,311,67,2026-12-08,304.0,UPI,Completed,0
824,418,51,2026-06-26,361.25,UPI,Completed,15
825,111,73,2026-07-28,359.0,Debit Card,Completed,0
826,184,88,2026-09-05,292.5,COD,Completed,10
827,433,64,2026-07-13,199.5,Debit Card,Completed,5
828,319,64,2026-11-24,199.5,Debit Card,Completed,5
829,492,22,2026-08-29,691.2,Debit Card,Completed,10
830,204,80,2026-11-29,798.0,COD,Completed,0
831,315,73,2026-06-30,305.15,UPI,Completed,15
832,75,2,2026-08-16,233.75,COD,Completed,15
833,285,71,2026-10-30,290.7,COD,Completed,15
834,491,89,2026-07-13,815.1,UPI,Completed,5
835,33,88,2026-09-08,292.5,UPI,Completed,10
836,374,21,2026-08-09,298.3,Credit Card,Completed,5
837,333,64,2026-07-05,178.5,COD,Completed,15
838,196,90,2026-10-11,354.35,UPI,Completed,5
839,47,24,2026-08-14,119.7,UPI,Completed,10
840,232,13,2026-11-02,898.0,UPI,Completed,0
841,3,42,2026-09-26,134.1,UPI,Completed,10
842,308,48,2026-11-09,342.95,Credit Card,Completed,5
843,414,40,2026-08-20,282.15,UPI,Completed,5
844,174,32,2026-09-18,439.85,COD,Completed,5
845,388,70,2026-11-23,61.75,COD,Completed,5
846,150,81,2026-10-01,605.0,COD,Completed,0
847,379,7,2026-10-25,100.3,Credit Card,Completed,15
848,366,27,2026-10-25,231.0,UPI,Completed,0
849,91,50,2026-08-11,629.0,Credit Card,Completed,0
850,349,74,2026-11-17,716.55,UPI,Completed,15
851,422,53,2026-09-12,549.1,Debit Card,Completed,15
852,321,89,2026-09-25,815.1,Credit Card,Completed,5
853,327,15,2026-07-16,70.0,Credit Card,Completed,0
854,146,69,2026-09-01,462.6,UPI,Completed,10
855,246,14,2026-07-12,626.05,UPI,Completed,5
856,124,56,2026-11-10,746.3,UPI,Completed,15
857,394,27,2026-08-22,219.45,Debit Card,Completed,5
858,116,24,2026-11-23,133.0,COD,Completed,0
859,74,71,2026-08-24,290.7,UPI,Completed,15
860,371,42,2026-09-07,141.55,UPI,Completed,5
861,439,29,2026-11-26,66.0,UPI,Completed,0
862,480,74,2026-12-03,716.55,COD,Completed,15
863,350,63,2026-11-19,128.35,Credit Card,Completed,15
864,275,47,2026-08-03,312.8,Debit Card,Completed,15
865,74,6,2026-10-14,239.4,COD,Completed,5
866,431,81,2026-09-12,514.25,COD,Completed,15
867,371,68,2026-07-30,471.2,Debit Card,Completed,5
868,202,19,2026-10-14,747.0,COD,Completed,10
869,13,89,2026-07-29,772.2,Credit Card,Completed,10
870,295,26,2026-07-24,136.8,Credit Card,Completed,5
871,347,13,2026-06-18,898.0,Debit Card,Completed,0
872,299,58,2026-10-06,268.2,Debit Card,Completed,10
873,451,49,2026-10-06,366.0,Debit Card,Completed,0
874,44,48,2026-07-08,324.9,COD,Completed,10
875,150,92,2026-07-08,580.0,COD,Completed,0
876,251,41,2026-07-21,583.2,Debit Card,Completed,10
877,222,44,2026-06-26,675.0,Debit Card,Completed,0
878,209,91,2026-09-08,140.4,Credit Card,Completed,10
879,12,17,2026-07-04,545.4,UPI,Completed,10
880,324,43,2026-11-22,46.0,Credit Card,Completed,0
881,471,96,2026-06-24,669.0,COD,Completed,0
882,108,7,2026-07-08,112.1,COD,Completed,5
883,227,24,2026-10-14,126.35,Debit Card,Completed,5
884,360,10,2026-07-30,772.35,Credit Card,Completed,5
885,145,21,2026-07-03,282.6,UPI,Completed,10
886,41,87,2026-09-26,39.6,Debit Card,Completed,10
887,280,96,2026-07-25,669.0,Debit Card,Completed,0
888,238,60,2026-10-07,424.15,UPI,Completed,15
889,78,76,2026-07-19,414.8,COD,Completed,15
890,139,44,2026-08-03,641.25,Debit Card,Completed,5
891,312,38,2026-07-23,305.9,COD,Completed,5
892,7,40,2026-11-19,252.45,UPI,Completed,15
893,190,73,2026-10-15,323.1,COD,Completed,10
894,108,42,2026-12-05,126.65,Debit Card,Completed,15
895,296,43,2026-12-01,41.4,Credit Card,Completed,10
896,161,66,2026-06-30,133.2,UPI,Completed,10
897,237,78,2026-08-21,825.55,Debit Card,Completed,5
898,187,8,2026-10-01,555.3,Debit Card,Completed,10
899,161,78,2026-10-23,869.0,Debit Card,Completed,0
900,153,34,2026-07-24,741.0,COD,Completed,0
901,56,36,2026-10-15,266.9,Debit Card,Completed,15
902,331,42,2026-09-30,149.0,Debit Card,Completed,0
903,48,47,2026-09-14,331.2,UPI,Completed,10
904,27,83,2026-11-28,277.0,Credit Card,Completed,0
905,199,82,2026-12-06,551.7,COD,Completed,10
906,343,92,2026-11-29,580.0,Credit Card,Completed,0
907,428,26,2026-11-10,129.6,Debit Card,Completed,10
908,105,24,2026-07-03,126.35,Credit Card,Completed,5
909,427,89,2026-12-09,772.2,Debit Card,Completed,10
910,28,83,2026-11-17,263.15,UPI,Completed,5
911,50,7,2026-09-10,100.3,Debit Card,Completed,15
912,144,54,2026-11-17,784.0,Debit Card,Completed,0
913,135,59,2026-07-24,720.8,Credit Card,Completed,15
914,375,89,2026-07-23,729.3,UPI,Completed,15
915,255,56,2026-09-29,878.0,UPI,Completed,0
916,364,37,2026-10-10,104.0,Debit Card,Completed,0
917,406,30,2026-06-16,546.3,COD,Completed,10
918,372,71,2026-10-29,290.7,Credit Card,Completed,15
919,423,89,2026-09-24,858.0,UPI,Completed,0
920,488,25,2026-06-17,495.0,Credit Card,Completed,0
921,424,88,2026-07-04,325.0,COD,Completed,0
922,176,50,2026-09-18,534.65,UPI,Completed,15
923,17,64,2026-08-30,178.5,COD,Completed,15
924,195,96,2026-09-11,669.0,Debit Card,Completed,0
925,283,91,2026-10-08,156.0,UPI,Completed,0
926,23,39,2026-08-05,454.75,Credit Card,Completed,15
927,414,90,2026-07-05,354.35,UPI,Completed,5
928,326,70,2026-06-30,58.5,COD,Completed,10
929,35,9,2026-07-05,623.05,COD,Completed,15
930,465,18,2026-07-04,218.5,Credit Card,Completed,5
931,287,6,2026-08-09,239.4,COD,Completed,5
932,246,28,2026-07-14,610.0,Credit Card,Completed,0
933,321,53,2026-11-16,581.4,COD,Completed,10
934,331,82,2026-07-28,551.7,COD,Completed,10
935,222,77,2026-06-26,108.0,Credit Card,Completed,0
936,190,36,2026-09-20,282.6,Debit Card,Completed,10
937,98,88,2026-12-11,292.5,Credit Card,Completed,10
938,298,67,2026-07-25,288.8,Credit Card,Completed,5
939,94,83,2026-10-19,235.45,Debit Card,Completed,15
940,276,44,2026-07-11,607.5,UPI,Completed,10
941,417,71,2026-09-16,307.8,COD,Completed,10
942,62,18,2026-07-19,230.0,UPI,Completed,0
943,56,71,2026-10-20,290.7,Credit Card,Completed,15
944,457,85,2026-10-28,62.1,Debit Card,Completed,10
945,221,31,2026-08-19,390.6,Debit Card,Completed,10
946,415,63,2026-07-16,143.45,Credit Card,Completed,5
947,12,70,2026-08-25,55.25,Debit Card,Completed,15
948,311,27,2026-09-07,196.35,Credit Card,Completed,15
949,107,28,2026-08-29,579.5,Debit Card,Completed,5
950,200,74,2026-08-29,716.55,COD,Completed,15
951,246,21,2026-08-02,298.3,UPI,Completed,5
952,187,7,2026-08-04,118.0,UPI,Completed,0
953,118,53,2026-08-22,613.7,UPI,Completed,5
954,294,84,2026-08-01,195.5,Credit Card,Completed,15
955,202,18,2026-07-18,218.5,Credit Card,Completed,5
956,294,36,2026-10-03,314.0,Credit Card,Completed,0
957,328,78,2026-06-24,825.55,UPI,Completed,5
958,493,83,2026-11-01,235.45,Debit Card,Completed,15
959,86,65,2026-10-08,769.5,UPI,Completed,5
960,196,49,2026-08-27,311.1,Credit Card,Completed,15
961,203,32,2026-07-15,393.55,Debit Card,Completed,15
962,205,60,2026-10-05,424.15,Credit Card,Completed,15
963,152,48,2026-06-27,306.85,UPI,Completed,15
964,35,46,2026-09-10,831.25,UPI,Completed,5
965,75,96,2026-10-23,635.55,Debit Card,Completed,5
966,178,80,2026-08-25,798.0,COD,Completed,0
967,496,20,2026-09-20,693.0,Credit Card,Completed,10
968,202,29,2026-06-12,62.7,Credit Card,Completed,5
969,219,71,2026-10-31,342.0,UPI,Completed,0
970,413,77,2026-08-03,91.8,COD,Completed,15
971,55,19,2026-10-29,788.5,COD,Completed,5
972,212,96,2026-09-22,602.1,UPI,Completed,10
973,481,48,2026-07-17,306.85,COD,Completed,15
974,208,56,2026-08-20,834.1,Debit Card,Completed,5
975,307,42,2026-11-02,149.0,UPI,Completed,0
976,408,95,2026-06-17,571.2,UPI,Completed,15
977,27,1,2026-10-04,557.1,Debit Card,Completed,10
978,342,74,2026-07-03,758.7,UPI,Completed,10
979,56,35,2026-11-16,182.0,Debit Card,Completed,0
980,330,90,2026-10-30,354.35,Debit Card,Completed,5
981,202,44,2026-12-04,573.75,Debit Card,Completed,15
982,56,58,2026-07-06,268.2,Debit Card,Completed,10
983,187,21,2026-09-12,314.0,UPI,Completed,0
984,4,22,2026-08-20,691.2,Credit Card,Completed,10
985,20,2,2026-11-20,247.5,Debit Card,Completed,10
986,54,62,2026-10-12,764.1,Debit Card,Completed,10
987,276,59,2026-06-13,720.8,UPI,Completed,15
988,473,41,2026-11-08,583.2,UPI,Completed,10
989,343,75,2026-08-06,376.2,UPI,Completed,5
990,488,58,2026-08-15,298.0,UPI,Completed,0
991,275,70,2026-09-25,65.0,COD,Completed,0
992,274,85,2026-10-24,65.55,COD,Completed,5
993,91,70,2026-11-29,65.0,Debit Card,Completed,0
994,485,62,2026-06-15,806.55,Debit Card,Completed,5
995,213,21,2026-09-24,282.6,UPI,Completed,10
996,247,86,2026-11-08,581.4,UPI,Completed,10
997,33,21,2026-07-25,298.3,COD,Completed,5
998,54,66,2026-09-19,125.8,UPI,Completed,15
999,199,42,2026-11-14,149.0,COD,Completed,0
1000,2,74,2026-09-11,758.7,COD,Completed,10
1001,497,41,2026-10-01,648.0,Credit Card,Completed,0
1002,12,4,2026-08-15,703.0,UPI,Completed,5
1003,119,7,2026-08-28,118.0,Debit Card,Completed,0
1004,52,52,2026-06-25,413.0,Debit Card,Completed,0
1005,380,7,2026-07-25,118.0,UPI,Completed,0
1006,22,61,2026-09-05,528.3,Credit Card,Completed,10
1007,42,43,2026-08-02,46.0,UPI,Completed,0
1008,112,94,2026-07-20,376.2,COD,Completed,5
1009,253,71,2026-08-07,290.7,Credit Card,Completed,15
1010,467,75,2026-09-02,396.0,COD,Completed,0
1011,332,78,2026-10-10,738.65,Credit Card,Completed,15
1012,354,17,2026-11-14,606.0,Credit Card,Completed,0
1013,375,10,2026-11-30,731.7,UPI,Completed,10
1014,212,14,2026-09-01,626.05,UPI,Completed,5
1015,106,50,2026-09-07,534.65,COD,Completed,15
1016,224,7,2026-08-19,112.1,UPI,Completed,5
1017,384,59,2026-10-27,848.0,Debit Card,Completed,0
1018,430,62,2026-09-24,806.55,COD,Completed,5
1019,322,64,2026-10-15,189.0,COD,Completed,10
1020,1,62,2026-07-30,721.65,Debit Card,Completed,15
1021,301,26,2026-11-28,129.6,UPI,Completed,10
1022,273,43,2026-10-23,46.0,UPI,Completed,0
1023,290,18,2026-08-01,218.5,COD,Completed,5
1024,274,95,2026-07-07,571.2,Credit Card,Completed,15
1025,378,28,2026-07-28,549.0,UPI,Completed,10
1026,458,27,2026-07-02,231.0,UPI,Completed,0
1027,23,61,2026-11-30,587.0,COD,Completed,0
1028,408,53,2026-09-10,613.7,Debit Card,Completed,5
1029,285,90,2026-07-17,373.0,Debit Card,Completed,0
1030,101,27,2026-08-05,231.0,COD,Completed,0
1031,317,18,2026-06-16,207.0,Debit Card,Completed,10
1032,243,49,2026-06-04,347.7,COD,Completed,5
1033,44,21,2026-08-08,314.0,COD,Completed,0
1034,489,58,2026-10-02,268.2,Debit Card,Completed,10
1035,311,28,2026-06-16,518.5,COD,Completed,15
1036,124,69,2026-11-06,514.0,Debit Card,Completed,0
1037,219,63,2026-07-31,151.0,Credit Card,Completed,0
1038,236,22,2026-12-03,768.0,UPI,Completed,0
1039,225,69,2026-12-03,514.0,Credit Card,Completed,0
1040,161,49,2026-12-07,329.4,Debit Card,Completed,10
1041,161,49,2026-10-13,311.1,UPI,Completed,15
1042,194,45,2026-11-22,441.0,Credit Card,Completed,10
1043,194,73,2026-07-07,323.1,Credit Card,Completed,10
1044,190,85,2026-06-19,58.65,UPI,Completed,15
1045,321,61,2026-06-22,498.95,COD,Completed,15
1046,65,9,2026-06-18,733.0,COD,Completed,0
1047,271,83,2026-06-25,263.15,UPI,Completed,5
1048,209,39,2026-07-25,508.25,Debit Card,Completed,5
1049,485,81,2026-09-20,544.5,UPI,Completed,10
1050,207,30,2026-12-08,576.65,Debit Card,Completed,5
1051,396,29,2026-07-16,62.7,Debit Card,Completed,5
1052,345,89,2026-08-29,772.2,Credit Card,Completed,10
1053,370,16,2026-10-25,514.9,UPI,Completed,5
1054,253,28,2026-07-16,579.5,UPI,Completed,5
1055,389,42,2026-09-25,126.65,UPI,Completed,15
1056,126,89,2026-09-21,772.2,Debit Card,Completed,10
1057,454,8,2026-06-23,617.0,Debit Card,Completed,0
1058,277,38,2026-08-14,273.7,Debit Card,Completed,15
1059,301,18,2026-09-19,218.5,Credit Card,Completed,5
1060,123,58,2026-08-24,298.0,UPI,Completed,0
1061,67,67,2026-10-18,273.6,UPI,Completed,10
1062,266,89,2026-06-30,729.3,UPI,Completed,15
1063,419,4,2026-09-22,740.0,Debit Card,Completed,0
1064,52,23,2026-08-06,327.6,UPI,Completed,10
1065,384,6,2026-07-18,252.0,COD,Completed,0
1066,209,6,2026-08-06,252.0,UPI,Completed,0
1067,311,7,2026-10-27,118.0,Debit Card,Completed,0
1068,131,75,2026-08-02,336.6,COD,Completed,15
1069,46,67,2026-08-27,258.4,Credit Card,Completed,15
1070,170,73,2026-07-14,323.1,Credit Card,Completed,10
1071,456,25,2026-07-06,445.5,Credit Card,Completed,10
1072,209,80,2026-12-15,678.3,Credit Card,Completed,15
1073,333,32,2026-10-30,463.0,Debit Card,Completed,0
1074,16,71,2026-07-20,324.9,COD,Completed,5
1075,293,44,2026-07-08,607.5,COD,Completed,10
1076,245,29,2026-06-18,56.1,COD,Completed,15
1077,258,26,2026-06-27,129.6,UPI,Completed,10
1078,26,94,2026-09-12,356.4,UPI,Completed,10
1079,226,57,2026-11-07,182.0,COD,Completed,0
1080,394,34,2026-06-23,666.9,UPI,Completed,10
1081,102,26,2026-09-30,129.6,Debit Card,Completed,10
1082,104,45,2026-09-29,490.0,COD,Completed,0
1083,105,22,2026-12-11,729.6,UPI,Completed,5
1084,58,29,2026-10-04,59.4,Credit Card,Completed,10
1085,158,34,2026-11-05,666.9,UPI,Completed,10
1086,232,27,2026-11-26,196.35,COD,Completed,15
1087,8,21,2026-11-27,298.3,UPI,Completed,5
1088,134,67,2026-10-04,273.6,COD,Completed,10
1089,449,15,2026-10-21,59.5,UPI,Completed,15
1090,93,29,2026-11-15,66.0,COD,Completed,0
1091,268,84,2026-08-03,218.5,Debit Card,Completed,5
1092,260,38,2026-12-03,289.8,UPI,Completed,10
1093,230,50,2026-10-07,629.0,COD,Completed,0
1094,195,10,2026-11-20,691.05,COD,Completed,15
1095,164,67,2026-10-28,273.6,UPI,Completed,10
1096,189,7,2026-11-27,106.2,COD,Completed,10
1097,16,87,2026-07-20,41.8,Debit Card,Completed,5
1098,236,76,2026-09-21,439.2,Credit Card,Completed,10
1099,280,74,2026-07-03,758.7,UPI,Completed,10
1100,92,44,2026-09-27,641.25,COD,Completed,5
1101,445,89,2026-08-16,772.2,UPI,Completed,10
1102,423,34,2026-08-07,741.0,UPI,Completed,0
1103,102,67,2026-12-06,273.6,UPI,Completed,10
1104,430,47,2026-07-27,331.2,Debit Card,Completed,10
1105,56,42,2026-08-30,141.55,Debit Card,Completed,5
1106,357,83,2026-07-01,277.0,Debit Card,Completed,0
1107,140,47,2026-07-21,331.2,COD,Completed,10
1108,262,44,2026-11-30,573.75,Debit Card,Completed,15
1109,404,92,2026-11-22,551.0,Debit Card,Completed,5
1110,410,42,2026-08-22,134.1,Debit Card,Completed,10
1111,188,66,2026-12-10,133.2,Credit Card,Completed,10
1112,321,40,2026-11-20,297.0,UPI,Completed,0
1113,213,34,2026-10-22,629.85,Debit Card,Completed,15
1114,273,22,2026-10-02,652.8,Credit Card,Completed,15
1115,167,19,2026-11-21,705.5,Credit Card,Completed,15
1116,235,88,2026-08-02,308.75,UPI,Completed,5
1117,405,74,2026-11-04,758.7,Debit Card,Completed,10
1118,113,21,2026-09-10,282.6,Debit Card,Completed,10
1119,2,24,2026-10-28,126.35,UPI,Completed,5
1120,281,25,2026-07-17,445.5,COD,Completed,10
1121,342,66,2026-09-18,125.8,UPI,Completed,15
1122,473,50,2026-12-02,566.1,UPI,Completed,10
1123,340,4,2026-07-10,666.0,Credit Card,Completed,10
1124,312,15,2026-07-13,66.5,UPI,Completed,5
1125,210,60,2026-11-21,499.0,UPI,Completed,0
1126,196,52,2026-07-03,413.0,UPI,Completed,0
1127,19,38,2026-11-07,289.8,Credit Card,Completed,10
1128,398,67,2026-07-07,288.8,UPI,Completed,5
1129,69,20,2026-11-05,770.0,Credit Card,Completed,0
1130,415,95,2026-11-22,604.8,Credit Card,Completed,10
1131,422,3,2026-07-10,317.0,Credit Card,Completed,0
1132,199,40,2026-07-05,267.3,UPI,Completed,10
1133,64,47,2026-11-13,312.8,Debit Card,Completed,15
1134,86,77,2026-11-09,91.8,COD,Completed,15
1135,212,30,2026-07-14,607.0,Debit Card,Completed,0
1136,114,90,2026-08-15,373.0,UPI,Completed,0
1137,129,62,2026-07-07,721.65,COD,Completed,15
1138,57,6,2026-10-25,252.0,UPI,Completed,0
1139,265,13,2026-11-23,853.1,UPI,Completed,5
1140,499,44,2026-12-01,641.25,UPI,Completed,5
1141,232,14,2026-08-11,593.1,UPI,Completed,10
1142,59,91,2026-08-09,132.6,Credit Card,Completed,15
1143,273,68,2026-12-05,421.6,Debit Card,Completed,15
1144,224,20,2026-06-24,731.5,Credit Card,Completed,5
1145,213,55,2026-07-07,488.0,UPI,Completed,0
1146,64,33,2026-06-19,742.9,UPI,Completed,5
1147,294,1,2026-08-23,557.1,Credit Card,Completed,10
1148,351,16,2026-10-03,487.8,UPI,Completed,10
1149,465,49,2026-07-12,329.4,UPI,Completed,10
1150,246,74,2026-08-14,758.7,COD,Completed,10
1151,85,56,2026-11-24,746.3,UPI,Completed,15
1152,420,70,2026-07-28,65.0,Credit Card,Completed,0
1153,323,85,2026-11-26,69.0,Credit Card,Completed,0
1154,462,19,2026-07-14,830.0,Debit Card,Completed,0
1155,156,69,2026-07-10,436.9,Debit Card,Completed,15
1156,293,57,2026-10-09,172.9,UPI,Completed,5
1157,133,70,2026-06-23,55.25,UPI,Completed,15
1158,341,82,2026-07-02,551.7,Credit Card,Completed,10
1159,171,93,2026-09-20,565.25,Credit Card,Completed,15
1160,428,79,2026-09-13,351.9,COD,Completed,10
1161,137,58,2026-10-12,253.3,UPI,Completed,15
1162,288,44,2026-07-03,607.5,Credit Card,Completed,10
1163,141,70,2026-11-04,61.75,Debit Card,Completed,5
1164,273,90,2026-10-09,317.05,Credit Card,Completed,15
1165,46,39,2026-06-23,508.25,Debit Card,Completed,5
1166,421,27,2026-09-20,196.35,COD,Completed,15
1167,175,24,2026-08-12,119.7,UPI,Completed,10
1168,447,25,2026-11-27,420.75,COD,Completed,15
1169,427,71,2026-07-11,290.7,Debit Card,Completed,15
1170,471,51,2026-11-17,361.25,Credit Card,Completed,15
1171,168,44,2026-11-09,675.0,UPI,Completed,0
1172,357,49,2026-11-29,366.0,COD,Completed,0
1173,217,88,2026-07-06,276.25,Credit Card,Completed,15
1174,52,66,2026-11-08,148.0,COD,Completed,0
1175,255,53,2026-06-27,581.4,Credit Card,Completed,10
1176,99,65,2026-11-08,769.5,Debit Card,Completed,5
1177,56,51,2026-11-29,382.5,Credit Card,Completed,10
1178,61,23,2026-07-24,309.4,COD,Completed,15
1179,200,4,2026-07-06,740.0,UPI,Completed,0
1180,31,1,2026-11-01,526.15,COD,Completed,15
1181,477,35,2026-10-07,163.8,Credit Card,Completed,10
1182,105,68,2026-08-20,446.4,Credit Card,Completed,10
1183,189,34,2026-10-15,741.0,Credit Card,Completed,0
1184,157,84,2026-09-18,207.0,Credit Card,Completed,10
1185,433,10,2026-07-06,772.35,COD,Completed,5
1186,251,22,2026-06-26,652.8,Credit Card,Completed,15
1187,424,6,2026-08-12,252.0,COD,Completed,0
1188,137,80,2026-08-06,718.2,UPI,Completed,10
1189,264,9,2026-09-23,659.7,Debit Card,Completed,10
1190,470,86,2026-09-15,646.0,Credit Card,Completed,0
1191,231,91,2026-10-31,148.2,UPI,Completed,5
1192,429,62,2026-07-12,806.55,Debit Card,Completed,5
1193,364,33,2026-07-22,742.9,COD,Completed,5
1194,86,19,2026-07-06,830.0,Credit Card,Completed,0
1195,90,1,2026-06-22,526.15,COD,Completed,15
1196,367,50,2026-07-05,566.1,Credit Card,Completed,10
1197,197,12,2026-08-21,126.0,Debit Card,Completed,10
1198,100,41,2026-09-07,583.2,UPI,Completed,10
1199,469,24,2026-06-10,119.7,COD,Completed,10
1200,428,10,2026-08-26,691.05,COD,Completed,15
1201,217,35,2026-07-07,163.8,Debit Card,Completed,10
1202,205,79,2026-11-19,332.35,UPI,Completed,15
1203,151,71,2026-07-26,290.7,Credit Card,Completed,15
1204,401,79,2026-07-01,332.35,Credit Card,Completed,15
1205,12,89,2026-11-01,858.0,Credit Card,Completed,0
1206,402,60,2026-09-12,499.0,COD,Completed,0
1207,234,38,2026-12-03,273.7,Debit Card,Completed,15
1208,309,24,2026-07-08,126.35,Debit Card,Completed,5
1209,312,92,2026-11-04,493.0,Debit Card,Completed,15
1210,370,94,2026-09-07,396.0,Debit Card,Completed,0
1211,191,63,2026-06-29,143.45,UPI,Completed,5
1212,481,94,2026-06-26,376.2,Debit Card,Completed,5
1213,141,7,2026-10-01,106.2,COD,Completed,10
1214,47,18,2026-10-04,207.0,UPI,Completed,10
1215,47,15,2026-10-27,66.5,COD,Completed,5
1216,418,85,2026-07-07,69.0,UPI,Completed,0
1217,304,41,2026-12-08,583.2,UPI,Completed,10
1218,177,17,2026-11-16,606.0,COD,Completed,0
1219,104,40,2026-10-19,297.0,Debit Card,Completed,0
1220,114,88,2026-07-27,308.75,Debit Card,Completed,5
1221,132,68,2026-08-06,421.6,UPI,Completed,15
1222,472,81,2026-08-21,605.0,Debit Card,Completed,0
1223,41,47,2026-09-29,349.6,UPI,Completed,5
1224,277,43,2026-09-08,41.4,UPI,Completed,10
1225,237,65,2026-09-09,769.5,Debit Card,Completed,5
1226,361,57,2026-11-28,172.9,UPI,Completed,5
1227,1,11,2026-12-03,496.8,Debit Card,Completed,10
1228,41,41,2026-07-05,583.2,Debit Card,Completed,10
1229,325,80,2026-09-05,798.0,COD,Completed,0
1230,392,57,2026-12-03,154.7,UPI,Completed,15
1231,25,2,2026-09-29,261.25,Debit Card,Completed,5
1232,105,89,2026-11-05,772.2,Credit Card,Completed,10
1233,450,28,2026-10-08,549.0,UPI,Completed,10
1234,490,29,2026-12-05,62.7,Debit Card,Completed,5
1235,76,6,2026-09-03,252.0,COD,Completed,0
1236,293,55,2026-11-06,414.8,COD,Completed,15
1237,172,42,2026-06-15,149.0,UPI,Completed,0
1238,109,49,2026-09-02,347.7,Debit Card,Completed,5
1239,236,69,2026-08-07,488.3,Credit Card,Completed,5
1240,405,29,2026-08-22,66.0,UPI,Completed,0
1241,430,87,2026-06-13,37.4,Debit Card,Completed,15
1242,8,20,2026-07-13,654.5,Credit Card,Completed,15
1243,166,73,2026-08-06,305.15,Debit Card,Completed,15
1244,1,57,2026-07-12,172.9,Credit Card,Completed,5
1245,371,1,2026-11-27,526.15,UPI,Completed,15
1246,86,91,2026-12-12,156.0,UPI,Completed,0
1247,87,93,2026-10-03,631.75,Credit Card,Completed,5
1248,70,85,2026-07-13,62.1,Debit Card,Completed,10
1249,359,2,2026-11-21,261.25,UPI,Completed,5
1250,26,36,2026-12-01,298.3,COD,Completed,5
1251,191,92,2026-07-25,580.0,COD,Completed,0
1252,454,7,2026-09-20,118.0,UPI,Completed,0
1253,234,59,2026-09-19,848.0,Credit Card,Completed,0
1254,394,10,2026-11-29,813.0,COD,Completed,0
1255,62,4,2026-08-25,666.0,UPI,Completed,10
1256,197,30,2026-12-02,607.0,COD,Completed,0
1257,201,26,2026-11-30,136.8,COD,Completed,5
1258,69,56,2026-07-06,790.2,Credit Card,Completed,10
1259,137,87,2026-07-26,44.0,COD,Completed,0
1260,379,80,2026-09-21,718.2,UPI,Completed,10
1261,456,47,2026-12-06,349.6,Credit Card,Completed,5
1262,256,43,2026-10-04,41.4,Credit Card,Completed,10
1263,496,31,2026-10-06,390.6,COD,Completed,10
1264,493,9,2026-09-28,696.35,UPI,Completed,5
1265,176,37,2026-09-04,93.6,Debit Card,Completed,10
1266,166,48,2026-11-05,306.85,Credit Card,Completed,15
1267,137,24,2026-09-17,133.0,Debit Card,Completed,0
1268,398,41,2026-08-21,550.8,COD,Completed,15
1269,337,59,2026-07-29,848.0,UPI,Completed,0
1270,478,16,2026-07-09,460.7,UPI,Completed,15
1271,163,21,2026-08-02,298.3,COD,Completed,5
1272,25,15,2026-10-12,70.0,COD,Completed,0
1273,449,95,2026-07-23,571.2,COD,Completed,15
1274,97,25,2026-10-07,495.0,UPI,Completed,0
1275,374,17,2026-06-28,515.1,Credit Card,Completed,15
1276,218,4,2026-11-21,740.0,Credit Card,Completed,0
1277,271,81,2026-12-01,605.0,Credit Card,Completed,0
1278,102,49,2026-11-12,311.1,Credit Card,Completed,15
1279,402,32,2026-09-09,416.7,Credit Card,Completed,10
1280,117,90,2026-11-22,354.35,UPI,Completed,5
1281,401,46,2026-08-11,743.75,UPI,Completed,15
1282,498,5,2026-10-01,189.55,UPI,Completed,15
1283,196,5,2026-06-30,211.85,COD,Completed,5
1284,182,83,2026-11-07,263.15,UPI,Completed,5
1285,227,34,2026-07-11,703.95,Credit Card,Completed,5
1286,471,92,2026-10-13,522.0,Debit Card,Completed,10
1287,92,94,2026-09-12,376.2,Debit Card,Completed,5
1288,204,88,2026-10-12,325.0,COD,Completed,0
1289,77,2,2026-11-29,261.25,COD,Completed,5
